<!DOCTYPE html>
<html lang='en'>

<head>
    <meta charset="utf-8" />
    <meta name="description" content="RV Senpai Project/Assignment" />
    <meta name="keywords" content="RV, Senpai, Enhancements Page" />
    <meta name="author" content="Ericson Tan Peng Hong, Loo Wei Jit, Raymond Sii Li Sheng, Ian Chung Ye Earn" />
	
    <title>Enhancements | RV Senpai</title>
	
	<link rel="stylesheet" type="text/css" href="styles/style.css"/>
	<!-- Link for social media -->
	<!-- https://www.w3schools.com/howto/howto_css_social_media_buttons.asp -->
	<link rel="stylesheet" href="https://cdnjs.cloudflare.com/ajax/libs/font-awesome/4.7.0/css/font-awesome.min.css"/>
	
	
	
</head>

<body>

<header>

	<button onclick="topFunction()" class="mybtn" title="Go to top">Top</button>

	<div class="scroll_bar">
		<div class="progress-container">
			<div class="progress-bar" id="myBar"></div>
		</div>  
	</div> 
	<nav>
	<a class="logo" href="index.html" title="RV Senpai HomePage">RV SENPAI</a>
		<ul>
			<li><a href="index.html" title="RV Senpai HomePage">Home</a></li>
			<li><a href="aboutus.html" title="About RV Senpai">About Us</a></li>
			<li><div class="product_dropdown">
					<a class="dropbtn" href="product.html" title="RV Senpai RVs">Rental</a>
					<div id="product_dropdown_id" class="product_dropdown_content"></div>
				</div>
				</li>
			<li><a class="booking" href="enquiry.html" title="Rent Your RV Here">Booking</a></li>
			<li><a href="event.html" title="Event RV Senpai">Event</a></li>
			<li><a href="contactus.html" title="Contact RV Senpai">Contact Us</a></li>
		</ul>
	</nav>
</header>

	<div class="bigimg_enhancement">
		<div class="caption">
		<h1><span class="border">RV Senpai</span></h1>
		</div>
	</div>

	<article class="article_area">
		<h3 class="h3_black_background">Enhancements</h3>
		<h4>HTML and CSS</h4>
		<p>Google Map Embed inside contactus.html and index.html - Link <a target="_blank" class="enhancement" href="contactus.html">Contact US</a> and <a target="_blank" class="enhancement" href="index.html">Homepage</a></p>
		<p>Navigation Bar Product will drop down when hover - Link <a target="_blank" class="enhancement" href="https://www.w3schools.com/css/css_dropdowns.asp">W3School example</a></p>
		<p>Overlay content will appear at the right side when hover in product.html - Link <a target="_blank" class="enhancement" href="product.html">Rental</a></p>
		<p>Parallax background image in all pages learnt - Link <a target="_blank" class="enhancement" href="https://www.w3schools.com/howto/tryhow_css_parallax_demo.htm"> W3School example</a></p>
		<p>Zoom in when hover to member image in aboutus.html - Link <a target="_blank" class="enhancement" href="aboutus.html">About Us</a></p>
		<p>All of this enhancement mostly can be found and learned in W3School. The team find that W3School is a very powerful website where all html, css, jss and php resources are available. The team feel accomplish whenever team members had successfully develop the enhancements with current html and css</p>
	</article>
	
	<div class="bigimg_enhancement">
		<div class="caption">
		<h2><span class="border2">Enhancements</span></h2>
		</div>
	</div>

	
<footer>

		<ul>
			<li><a href="partnership.html" title="RV Senpai Partners">Partnership</a></li>
			<li><a href="faq.html" title="RV Senpai FAQ">FAQ</a></li>
			<li><a href="photo.html" title="Photo Gallery">Photo Gallery</a></li>
			<li><a href="feedback.html" title="RV Senpai Feedback Form">Feedback</a></li>
			<li><a class="footer_active" href="enhancements.html" title="RV Senpai Website Enhancements">Enhancements</a></li>
			<li><a href="enhancements2.html" title="RV Senpai Website Enhancements">Enhancements2</a></li>
			<li><a href="disclaimer.html" title="Disclaimer">Disclaimer</a></li>
		</ul>
		
	<div class="footer_followus">
			<a href="https://www.instagram.com/" target="_blank" class="fa fa-instagram" title="RV Senpai Instagram"></a>
			<a href="https://www.facebook.com/" target="_blank" class="fa fa-facebook" title="RV Senpai Facebook"></a>
			<a href="https://twitter.com/" target="_blank" class="fa fa-twitter" title="RV Senpai Twitter"></a>
			<a href="https://www.pinterest.com/" target="_blank" class="fa fa-pinterest" title="RV Senpai Pinterest"></a>
			<a href="https://www.snapchat.com/" target="_blank" class="fa fa-snapchat-ghost" title="RV Senpai Snapchat"></a>
			<a href="https://www.google.com/" target="_blank" class="fa fa-google" title="RV Senpai Google Page"></a>
			<a href="https://www.youtube.com/" target="_blank" class="fa fa-youtube" title="RV Senpai Youtube Channel"></a>

	</div>	

	<div class="copyright">
	<p>@ Amazing Retards | Page developed by Ericson Tan Peng Hong, Loo Wei Jit, Raymond Sii Li Sheng, Ian Chung Ye Earn | Last updated: 24 March 2018</p>
	</div>
	
</footer>
<script src="script/script.js"></script>
<script src="script/enhancements.js"></script>
</body>

</html>
