<!DOCTYPE html>
<html lang='en'>

<head>
    <meta charset="utf-8" />
    <meta name="description" content="RV Senpai Project/Assignment" />
    <meta name="keywords" content="RV, Senpai, Enquiry Page" />
    <meta name="author" content="Ericson Tan Peng Hong, Loo Wei Jit, Raymond Sii Li Sheng, Ian Chung Ye Earn" />
	
    <title>RV Rental Enquiry | RV Senpai</title>
	
	<link rel="stylesheet" type="text/css" href="styles/style.css"/>
	<!-- Link for social media -->
	<!-- https://www.w3schools.com/howto/howto_css_social_media_buttons.asp -->
	<link rel="stylesheet" href="https://cdnjs.cloudflare.com/ajax/libs/font-awesome/4.7.0/css/font-awesome.min.css"/>
	
	

	
</head>

<body>

<header>

	<button onclick="topFunction()" class="mybtn" title="Go to top">Top</button>

	<div class="scroll_bar">
		<div class="progress-container">
			<div class="progress-bar" id="myBar"></div>
		</div>  
	</div> 
	<nav>
	<a class="logo" href="index.html" title="RV Senpai HomePage">RV SENPAI</a>
		<ul>
			<li><a href="index.html" title="RV Senpai HomePage">Home</a></li>
			<li><a href="aboutus.html" title="About RV Senpai">About Us</a></li>
			<li><div class="product_dropdown">
					<a class="dropbtn" href="product.html" title="RV Senpai RVs">Rental</a>
					<div id="product_dropdown_id" class="product_dropdown_content">
					</div>
				</div>
				</li>
			<li><a class="active" href="enquiry.html" title="Rent Your RV Here">Booking</a></li>
			<li><a href="event.html" title="Event RV Senpai">Event</a></li>
			<li><a href="contactus.html" title="Contact RV Senpai">Contact Us</a></li>
		</ul>
	</nav>
</header>

	
	<div class="bigimg_enquiry">
		<div class="caption">
		<h1><span class="border">Feel Like Home</span></h1>
		</div>
	</div>

	<article class="white_background-article">
	
		<h3>Booking</h3>
		<h4 class="white_bg">RELAX and Enjoy</h4>
		
		<form method="post" id="enquiry">
			<fieldset>
				<legend>Personal Detail</legend>
					<table>
						<tr>
							<td>
								<label for="Fname">First Name: </label>
								<input type="text" name="Fname" id="Fname" placeholder="Your First Name" maxlength="25" size="30"/>
							</td>
						</tr>
						<tr>
							<td>
								<label for="Lname">Last Name:</label>
								<input type="text" name="Lname" id="Lname" placeholder="Your Last Name" maxlength="25" size="30"/>
							</td>
						</tr>
						<tr>
							<td>
								<label for="email">Email: </label>
								<input type="email" name="contactemail" id="email" placeholder="name@domain.com" size="35" />
							</td>
						</tr>
						<tr>
							<td>	
								<label for="p_number">Phone Number: </label>
								<input type="text" name="p_number" id="p_number" placeholder="012-456789" size="25"/>
							</td>
						</tr>
						<tr>
							<td><label for="hp_number">Handphone Number: </label>
							<input type="text" name="hp_number" id="hp_number"  placeholder="012-3456789"/>
							</td>
						</tr>
					</table>
			</fieldset>
			
			<fieldset>
				<legend>Address</legend>
					<table>
						<tr>
							<td>
								<label for="srt_add">Street Address: </label>
								<input type="text" name="srt_add" id="srt_add"  maxlength="40"/>
							</td>
						</tr>
						<tr>
							<td>
								<label for="city/town">City/Town: </label>
								<input type="text" name="city/town" id="city/town" size="26"/>
							</td>
						</tr>
						<tr>
							<td>
								<label for="state">State: </label>
								<select name="state" id="state">
									<option value = "Select a state" selected="selected">Select a state</option>
									<option value = "Sarawak">Sarawak</option>
									<option value = "Sabah">Sabah</option>
									<option value = "Penang">Penang</option>
									<option value = "Selangor">Selangor</option>
									<option value = "Johor">Johor</option>
									<option value = "Malacca">Malacca</option>
									<option value = "Perak">Perak</option>
									<option value = "Pahang">Pahang</option>
									<option value = "Kedah">Kedah</option>
									<option value = "Kelantan">Kelantan</option>
									<option value = "Terengganu">Terangganu</option>
									<option value = "Negeri Sembilan">Negeri Sembilan</option>
									<option value = "Perlis">Perlis</option>
								</select>
							</td>
						</tr>
						<tr>
							<td>	
								<label for="postcode">Postcode: </label>
							<input type="text" name="postcode" id="postcode"  maxlength="5" size="26"/>
							</td>
						</tr>
					</table>	
			</fieldset>
			
			<fieldset>
				<legend>Rental Detail</legend>
					<table>
						<tr>
							<td>
							<label for="Subject" >Subject / RV Rental (Which RV do you want to rent?): </label>
							<select name="Subject" id="Subject" onchange="check()">
								<option value = "Select your RV">Select your RV</option>
							</select>
							</td>
						</tr>
						<tr>
							<td>
							<label for="product" id="productlabel">Product Class </label>
							<select name="product" id="product">
								<option value = "Select your RV Class plan">Select your RV Class plan</option>
							</select>
							</td>
						</tr>
						<tr>
							<td>
								<label for="rental_dur">Rental Duration/days (Minimum: 1 days | Maximum: half year):</label>
								<input type="number" name="duration" id="rental_dur" min="1" max="182" step="1" value="0"/>
							</td>
						</tr>
						<tr>
							<td>
								<p class="rental_detail_textarea">Any Comment?</p><p class="rental_detail_textarea"><textarea class="comment_faq" name="comments" rows="10" cols="50" placeholder="Tell Us what you need"></textarea></p>
							</td>
						</tr>
					</table>
				</fieldset>
				
				<table>
					<tr>
						<td>
						<p class="button" onclick="display()"><input type="submit" value="Submit" id="clickme"/></p>
						</td>
						<td>
						<p class="button"><input type="reset" value="Reset"/></p>
						</td>
					</tr>
				</table>
		</form>
	</article>
	
	<div class="bigimg_enquiry">
		<div class="caption">
		<h1><span class="border">Anywhere, Everywhere</span></h1>
		</div>
	</div>
	
<footer>

		<ul>
			<li><a href="partnership.html" title="RV Senpai Partners">Partnership</a></li>
			<li><a href="faq.html" title="RV Senpai FAQ">FAQ</a></li>
			<li><a href="photo.html" title="Photo Gallery">Photo Gallery</a></li>
			<li><a href="feedback.html" title="RV Senpai Feedback Form">Feedback</a></li>
			<li><a href="enhancements.html" title="RV Senpai Website Enhancements">Enhancements</a></li>
			<li><a href="enhancements2.html" title="RV Senpai Website Enhancements">Enhancements2</a></li>
			<li><a href="disclaimer.html" title="Disclaimer">Disclaimer</a></li>
		</ul>
	
	<div class="footer_followus">
			<a href="https://www.instagram.com/" target="_blank" class="fa fa-instagram" title="RV Senpai Instagram"></a>
			<a href="https://www.facebook.com/" target="_blank" class="fa fa-facebook" title="RV Senpai Facebook"></a>
			<a href="https://twitter.com/" target="_blank" class="fa fa-twitter" title="RV Senpai Twitter"></a>
			<a href="https://www.pinterest.com/" target="_blank" class="fa fa-pinterest" title="RV Senpai Pinterest"></a>
			<a href="https://www.snapchat.com/" target="_blank" class="fa fa-snapchat-ghost" title="RV Senpai Snapchat"></a>
			<a href="https://www.google.com/" target="_blank" class="fa fa-google" title="RV Senpai Google Page"></a>
			<a href="https://www.youtube.com/" target="_blank" class="fa fa-youtube" title="RV Senpai Youtube Channel"></a>

	</div>	

	<div class="copyright">
	<p>@ Amazing Retards | Page developed by Ericson Tan Peng Hong, Loo Wei Jit, Raymond Sii Li Sheng, Ian Chung Ye Earn | Last updated: 24 March 2018</p>
	</div>
	
</footer>
	<script src="script/script.js"></script>
	<script src="script/enhancements.js"></script>
</body>
	
</html>
