<!DOCTYPE html>
<html lang='en'>

<head>
    <meta charset="utf-8" />
    <meta name="description" content="RV Senpai Project/Assignment" />
    <meta name="keywords" content="RV, Senpai, Raymond Sii Li Sheng" />
    <meta name="author" content="Ericson Tan Peng Hong, Raymond Sii Li Sheng, Loo Wei Jit, Ian Chung Ye Earn" />
	
    <title>Raymond Sii Li Sheng | RV Senpai</title>
	
	<link rel="stylesheet" type="text/css" href="styles/style.css"/>
	<!-- Link for social media -->
	<!-- https://www.w3schools.com/howto/howto_css_social_media_buttons.asp -->
	<link rel="stylesheet" href="https://cdnjs.cloudflare.com/ajax/libs/font-awesome/4.7.0/css/font-awesome.min.css"/>
	
	
</head>

<body>

<header>

	<button onclick="topFunction()" class="mybtn" title="Go to top">Top</button>

	<div class="scroll_bar">
		<div class="progress-container">
			<div class="progress-bar" id="myBar"></div>
		</div>  
	</div> 
	<nav>
		<a class="logo" href="index.html" title="RV Senpai HomePage">RV SENPAI</a>
		<ul>
			<li><a href="index.html" title="RV Senpai HomePage">Home</a></li>
			<li><a class="active" href="aboutus.html" title="Abour RV Senpai">About Us</a></li>
			<li><div class="product_dropdown">
					<a class="dropbtn" href="product.html" title="RV Senpai RVs">Rental</a>
					<div id="product_dropdown_id" class="product_dropdown_content"></div>
				</div>
				</li>
			<li><a class="booking" href="enquiry.html" title="Rent Your RV Here">Booking</a></li>
			<li><a href="event.html" title="Event RV Senpai">Event</a></li>
			<li><a href="contactus.html" title="Contact RV Senpai">Contact Us</a></li>
		</ul>
	</nav>
</header>

	<div class="bigimg_aboutus">
		<div class="caption">
		<h1><span class="border">Raymond Sii Li Sheng</span></h1>
		</div>
	</div>

	<aside class="white_background-article">
		<div class="aboutme">
			<img src="images/raymond2.jpg" alt="Raymond's cute face"/>
			<p class="name">Raymond Sii Li Sheng</p>
			<p class="number">101213537</p>
			<p class="course">BA-CS</p>
			
		<table class="aboutme_table">
			<caption>Contribution Table</caption>
			<tr>
			<th>Contribution</th>
			<th>Details</th>
			</tr>
			<tr>
			<td>CSS</td>
			<td>Responsive Layout, drop down navigation links and table layout</td>
			</tr>
			<tr>
			<td>HTML</td>
			<td>description in product pages and images</td>
			</tr>
			<tr>
			<td>classa.html</td>
			<td>table layout and description</td>
			</tr>
			<tr>
			<td>classb.html</td>
			<td>table layout and description</td>
			</tr>
			<tr>
			<td>classc.html</td>
			<td>table layout and description</td>
			</tr>
			<tr>
			<td>trailer.html</td>
			<td>table layout and description</td>
			</tr>
			<tr>
			<td>Images</td>
			<td>Searching Images for product pages</td>
			</tr>
			<tr>
			<td>Information</td>
			<td>Information in product pages</td>
			</tr>
			<tr>
			<td>Enhancement</td>
			<td>Drop down navigation bar links</td>
			</tr>
		</table>
		</div>
	</aside>
	
	<div class="bigimg_aboutus">
		<div class="caption">
		<h2><span class="border2">Bring You Fly</span></h2>
		</div>
	</div>
	
<footer>
	

		<ul>
			<li><a href="partnership.html" title="RV Senpai Partners">Partnership</a></li>
			<li><a href="faq.html" title="RV Senpai FAQ">FAQ</a></li>
			<li><a href="photo.html" title="Photo Gallery">Photo Gallery</a></li>
			<li><a href="feedback.html" title="RV Senpai Feedback Form">Feedback</a></li>
			<li><a href="enhancements.html" title="RV Senpai Website Enhancements">Enhancements</a></li>
			<li><a href="enhancements2.html" title="RV Senpai Website Enhancements">Enhancements2</a></li>
			<li><a href="disclaimer.html" title="Disclaimer">Disclaimer</a></li>
		</ul>
	
	<div class="footer_followus">
	<a href="https://www.instagram.com/" target="_blank" class="fa fa-instagram" title="RV Senpai Instagram"></a>
	<a href="https://www.facebook.com/" target="_blank" class="fa fa-facebook" title="RV Senpai Facebook"></a>
	<a href="https://twitter.com/" target="_blank" class="fa fa-twitter" title="RV Senpai Twitter"></a>
	<a href="https://www.pinterest.com/" target="_blank" class="fa fa-pinterest" title="RV Senpai Pinterest"></a>
	<a href="https://www.snapchat.com/" target="_blank" class="fa fa-snapchat-ghost" title="RV Senpai Snapchat"></a>
	<a href="https://www.google.com/" target="_blank" class="fa fa-google" title="RV Senpai Google Page"></a>
	<a href="https://www.youtube.com/" target="_blank" class="fa fa-youtube" title="RV Senpai Youtube Channel"></a>
	</div>	

	<p>Raymond Sii Li Sheng Email:<a href="101213537@students.swinburne.edu.my" title="Raymond Email" target="_top" class="student_email">101213537@students.swinburne.edu.my</a></p>
	
</footer>
<script src="script/script.js"></script>
<script src="script/enhancements.js"></script>
</body>

</html>
