<!DOCTYPE html>
<html lang='en'>

<head>
    <meta charset="utf-8" />
    <meta name="description" content="RV Senpai Project/Assignment" />
    <meta name="keywords" content="RV, Senpai, Disclaimer Page" />
    <meta name="author" content="Ericson Tan Peng Hong, Loo Wei Jit, Raymond Sii Li Sheng, Ian Chung Ye Earn" />
	
    <title>Disclaimer | RV Senpai</title>
	
	<link rel="stylesheet" type="text/css" href="styles/style.css"/>
	<!-- Link for social media -->
	<!-- https://www.w3schools.com/howto/howto_css_social_media_buttons.asp -->
	<link rel="stylesheet" href="https://cdnjs.cloudflare.com/ajax/libs/font-awesome/4.7.0/css/font-awesome.min.css"/>
	
	
</head>

<body>

<header>

	<button onclick="topFunction()" class="mybtn" title="Go to top">Top</button>

	<div class="scroll_bar">
		<div class="progress-container">
			<div class="progress-bar" id="myBar"></div>
		</div>  
	</div> 
	<nav>
	<a class="logo" href="index.html" title="RV Senpai HomePage">RV SENPAI</a>
		<ul>
			<li><a href="index.html" title="RV Senpai HomePage">Home</a></li>
			<li><a href="aboutus.html" title="About RV Senpai">About Us</a></li>
			<li><div class="product_dropdown">
					<a class="dropbtn" href="product.html" title="RV Senpai RVs">Rental</a>
					<div id="product_dropdown_id" class="product_dropdown_content"></div>
				</div>
				</li>
			<li><a class="booking" href="enquiry.html" title="Rent Your RV Here">Booking</a></li>
			<li><a href="event.html" title="Event RV Senpai">Event</a></li>
			<li><a href="contactus.html" title="Contact RV Senpai">Contact Us</a></li>
		</ul>
	</nav>
</header>

	<div class="bigimg_disclaimer">
		<div class="caption">
		<h1><span class="border">RV Senpai</span></h1>
		</div>
	</div>

	<article class="article_area">
		<h3 class="h3_black_background">Disclaimer</h3>
		<h4>Read This</h4>
		<p>This website is created mainly for educational and non-commercial use only. It is a partialfulfilment for completion of unit COS10011 - Creating Web Applications  offered in Swinburne University of Technology, Sarawak Campus for Semester 1, 2018.</p>
		<p>The web-master and author(s) do not represent the business entity.</p>
		<p>The content of the pages of this website might be out‐dated or inaccurate, thus, the author(s) and web‐master does not take any responsibility for incorrect information disseminate or cited from this website.</p>
		<p>If you believe that information of any kind on this website is an infringement of copyright in material in which you either own copyright or are authorized to exercise the rights of a copyright owner, kindly contact the web-master (<a id="dis_link" href="mailto:100079958@students.swinburne.edu.my" target="_top" title="Student Email">100079958@students.swinburne.edu.my</a>) for removal.</p>
	</article>
	
	<div class="bigimg_disclaimer">
		<div class="caption">
		<h2><span class="border2">Rules!</span></h2>
		</div>
	</div>

	
<footer>

		<ul>
			<li><a href="partnership.html" title="RV Senpai Partners">Partnership</a></li>
			<li><a href="faq.html" title="RV Senpai FAQ">FAQ</a></li>
			<li><a href="photo.html" title="Photo Gallery">Photo Gallery</a></li>
			<li><a href="feedback.html" title="RV Senpai Feedback Form">Feedback</a></li>
			<li><a href="enhancements.html" title="RV Senpai Website Enhancements">Enhancements</a></li>
			<li><a href="enhancements2.html" title="RV Senpai Website Enhancements">Enhancements2</a></li>
			<li><a class="footer_active" href="disclaimer.html" title="Disclaimer">Disclaimer</a></li>
		</ul>
	
	<div class="footer_followus">
			<a href="https://www.instagram.com/" target="_blank" class="fa fa-instagram" title="RV Senpai Instagram"></a>
			<a href="https://www.facebook.com/" target="_blank" class="fa fa-facebook" title="RV Senpai Facebook"></a>
			<a href="https://twitter.com/" target="_blank" class="fa fa-twitter" title="RV Senpai Twitter"></a>
			<a href="https://www.pinterest.com/" target="_blank" class="fa fa-pinterest" title="RV Senpai Pinterest"></a>
			<a href="https://www.snapchat.com/" target="_blank" class="fa fa-snapchat-ghost" title="RV Senpai Snapchat"></a>
			<a href="https://www.google.com/" target="_blank" class="fa fa-google" title="RV Senpai Google Page"></a>
			<a href="https://www.youtube.com/" target="_blank" class="fa fa-youtube" title="RV Senpai Youtube Channel"></a>

	</div>	

	<div class="copyright">
	<p>@ Amazing Retards | Page developed by Ericson Tan Peng Hong, Loo Wei Jit, Raymond Sii Li Sheng, Ian Chung Ye Earn | Last updated: 24 March 2018</p>
	</div>
	
</footer>
<script src="script/script.js"></script>
<script src="script/enhancements.js"></script>
</body>


</html>
