<!DOCTYPE html>
<html lang='en'>

<head>
    <meta charset="utf-8" />
    <meta name="description" content="RV Senpai Project/Assignment" />
    <meta name="keywords" content="RV, Senpai, HomePage" />
    <meta name="author" content="Ericson Tan Peng Hong, Loo Wei Jit, Raymond Sii Li Sheng, Ian Chung Ye Earn" />
	
    <title>HomePage | RV Senpai</title>
	
	<link rel="stylesheet" type="text/css" href="styles/style.css"/>
	<!-- Link for social media -->
	<!-- https://www.w3schools.com/howto/howto_css_social_media_buttons.asp -->
	<link rel="stylesheet" href="https://cdnjs.cloudflare.com/ajax/libs/font-awesome/4.7.0/css/font-awesome.min.css"/>

	
</head>

<body>

<header>

	<button onclick="topFunction()" class="mybtn" title="Go to top">Top</button>

	<div class="scroll_bar">
		<div class="progress-container">
			<div class="progress-bar" id="myBar"></div>
		</div>  
	</div> 

	<nav>
		<a class="logo" href="index.html" title="RV Senpai HomePage">RV SENPAI</a>
		<ul>
			<li><a class="active" href="index.html" title="RV Senpai HomePage">Home</a></li>
			<li><a href="aboutus.html" title="About RV Senpai">About Us</a></li>
			<li><div class="product_dropdown">
					<a class="dropbtn" href="product.html" title="RV Senpai RVs">Rental</a>
					<div id="product_dropdown_id" class="product_dropdown_content"></div>
				</div>
			</li>
			<li><a class="booking" href="enquiry.html" title="Rent Your RV Here">Booking</a></li>
			<li><a href="event.html" title="Event RV Senpai">Event</a></li>
			<li><a href="contactus.html" title="Contact RV Senpai">Contact Us</a></li>
		</ul>
	</nav>
</header>

	<div class="bigimg_1">
		<div class="caption">
		<h1><span class="border">Travel</span></h1>
		</div>
	</div>
	
	<article class="white_background-article">
		<h3>About Us</h3>
		<h4 class="white_bg">Carry Mi Senpai~</h4>
		<p>RV Senpai is company that providing Recreational vehicles rental service founded in year 2008, by Mr.Ericson Tan. The reason he started this business is because he was inspire by the self-driving travel style in the western country during his study time and he thinks that it would be perfect for this services to be implement in Malaysia. The company is first started in Kuching Sarawak with the amount of only 10 standard model RVs. Throughout the years, the company is growing rapidly until now we have business links that cover the whole East Malaysia and also providing a variety types of Recreational vehicles and other outdoor camping equipments.</p>
		
		<p class="more_button"><a href="aboutus.html" title="About RV Senpai">More</a></p>
		
	</article>

	<div class="bigimg_2">
		<div class="caption">
		<h2><span class="border2">Brings Power and Love</span></h2>
		</div>
	</div>

	<article>
		<div class="article_area">
		<h3 class="h3_black_background">Rental Product</h3>
		<h4>We Are Different for a Reason</h4>
		
		<!--The image of the following product is found in google image.-->
		<figure>
				<a href="classa.html" title="Class A Motorhome"><img src="images/class-a.jpg" alt="Class A" class="product_display_ABCT" /></a>
		</figure>
		<figure>
				<a href="classb.html" title="Class B Motorhome"><img src="images/class-b.jpg" alt="Class B" class="product_display_ABCT" /></a>
		</figure>
		<figure>
				<a href="classc.html" title="Class C Motorhome"><img src="images/class-c.jpg" alt="Class C" class="product_display_ABCT" /></a>
		</figure>
		<figure>
				<a href="trailer.html" title="Trailer RV"><img src="images/trailer.jpg" alt="Trailer" class="product_display_ABCT" /></a>
		</figure>
		<p class="more_coming_soon">More Coming Soon</p>
		
		<p class="more_button_black_background"><a href="product.html" title="Rent Our RV">More</a></p>
		</div>
	</article>

	<div class="bigimg_3">
		<div class="caption">
		<h2><span class="border2">Into Your Life</span></h2>
		</div>
	</div>

	<article>
		<div class="article_area">
			<h3 class="h3_black_background">Contact Us</h3>
			<h4>We Will Be There For You</h4>
			
			<div id="map_block">
			<iframe id="map" src="https://www.google.com/maps/embed?pb=!1m18!1m12!1m3!1d3988.3916672644277!2d110.3550372147541!3d1.5322625988825767!2m3!1f0!2f0!3f0!3m2!1i1024!2i768!4f13.1!3m3!1m2!1s0x31fba70b11e02ce7%3A0x69cbf290cfd24bb7!2sSwinburne+University+of+Technology+Sarawak+Campus!5e0!3m2!1sen!2smy!4v1521882120760" ></iframe>
			</div>
		
			<div class="contact_info">
				<p>Swinburne University of Technology Sarawak Campus Jalan Simpang Tiga 93350 Kuching, Sarawak, Malaysia</p>
				<p>t: +60 82 415 353</p>
				<p>f: +60 82 428 353</p>
				<p>Any Question?<a href="mailto:100079958@students.swinburne.edu.my" target="-top" title="RV Senpai Email">Email Us</a></p>
			</div>
			
			<p class="more_button_black_background"><a href="contactus.html" title="Contact RV Senpai">Send Us a Message</a></p>
		</div>
	</article>

	<div class="bigimg_1">
		<div class="caption">
		<h2><span class="border2">Enjoy</span></h2>
		</div>
	</div>

	
	<footer>

		<ul>
			<li><a href="partnership.html" title="RV Senpai Partners">Partnership</a></li>
			<li><a href="faq.html" title="RV Senpai FAQ">FAQ</a></li>
			<li><a href="photo.html" title="Photo Gallery">Photo Gallery</a></li>
			<li><a href="feedback.html" title="RV Senpai Feedback Form">Feedback</a></li>
			<li><a href="enhancements.html" title="RV Senpai Website Enhancements">Enhancements</a></li>
			<li><a href="enhancements2.html" title="RV Senpai Website Enhancements">Enhancements2</a></li>
			<li><a href="disclaimer.html" title="Disclaimer">Disclaimer</a></li>
		</ul>
		
		<div class="footer_followus">
			<a href="https://www.instagram.com/" target="_blank" class="fa fa-instagram" title="RV Senpai Instagram"></a>
			<a href="https://www.facebook.com/" target="_blank" class="fa fa-facebook" title="RV Senpai Facebook"></a>
			<a href="https://twitter.com/" target="_blank" class="fa fa-twitter" title="RV Senpai Twitter"></a>
			<a href="https://www.pinterest.com/" target="_blank" class="fa fa-pinterest" title="RV Senpai Pinterest"></a>
			<a href="https://www.snapchat.com/" target="_blank" class="fa fa-snapchat-ghost" title="RV Senpai Snapchat"></a>
			<a href="https://www.google.com/" target="_blank" class="fa fa-google" title="RV Senpai Google Page"></a>
			<a href="https://www.youtube.com/" target="_blank" class="fa fa-youtube" title="RV Senpai Youtube Channel"></a>
		</div>	

		<p>@ Amazing Retards | Page developed by Ericson Tan Peng Hong, Loo Wei Jit, Raymond Sii Li Sheng, Ian Chung Ye Earn | Last updated: 24 March 2018</p>
		
	</footer>





<script src="script/script.js"></script>
<script src="script/enhancements.js"></script>
</body>

</html>
